﻿{"cameraMode":{"drawMode":0,"name":"Shaded","section":"Shading Mode"},"sceneLighting":true,"audioPlay":false,"sceneViewState":{"showFog":true,"showMaterialUpdate":false,"showSkybox":true,"showFlares":true,"showImageEffects":true,"showParticleSystems":true},"in2DMode":false,"pivot":{"x":0.6159286499023438,"y":0.2505784034729004,"z":6.226757526397705},"rotation":{"x":0.03382112830877304,"y":0.9658628702163696,"z":-0.1937798261642456,"w":0.16857881844043733},"size":4.301337242126465,"orthographic":false}